frame,timestamp,qw,qx,qy,qz,tx,ty,tz,confidence
0,0.0,0.31425393,0.93228017,0.17142343,-0.05207838,-0.255154,0.103528,0.83384,1.0
1,0.033333,0.3638172,0.91278462,0.18367129,0.02694688,-0.27268,0.102048,0.844414,0.8
2,0.066667,0.42268089,0.883371,0.17392105,0.10367264,-0.286221,0.10179,0.860267,0.8
3,0.1,0.45001017,0.87396717,0.14219965,0.11598057,-0.28215,0.104349,0.873081,0.8
4,0.133333,0.47001548,0.86404641,0.12953736,0.12541658,-0.283846,0.105144,0.877912,0.8
5,0.166667,0.47893403,0.86090398,0.12288434,0.11985813,-0.2846,0.105394,0.879074,0.8
6,0.2,0.48597318,0.85862277,0.11342691,0.11718081,-0.28482,0.105495,0.879544,0.8
7,0.233333,0.49178494,0.85644613,0.1076665,0.11426081,-0.284552,0.105447,0.878562,0.8
8,0.266667,0.49599217,0.85467463,0.10340132,0.11327492,-0.284586,0.105515,0.87863,0.8
9,0.3,0.49899925,0.85353782,0.09922748,0.11236928,-0.284697,0.105587,0.878968,0.8
10,0.333333,0.50100767,0.85280631,0.09699007,0.11093082,-0.284693,0.10562,0.878914,0.8
11,0.366667,0.50295674,0.85193408,0.09587567,0.10977565,-0.284502,0.105597,0.878298,0.8
12,0.4,0.50466215,0.85099064,0.0953367,0.10973587,-0.283797,0.105399,0.876115,0.8
13,0.433333,0.5058773,0.85019485,0.09422468,0.11125905,-0.282795,0.10508,0.872985,0.8
14,0.466667,0.50671287,0.84959014,0.09318202,0.11294149,-0.282226,0.104899,0.871216,0.8
15,0.5,0.50715344,0.84917117,0.0929807,0.11427294,-0.282089,0.10487,0.870814,0.8
16,0.533333,0.50772866,0.8487347,0.09258677,0.11527666,-0.28205,0.104868,0.87072,0.8
17,0.566667,0.50806058,0.84852615,0.09189007,0.11590529,-0.282328,0.104971,0.871624,0.8
18,0.6,0.50829078,0.84838217,0.09130648,0.11641008,-0.282376,0.104991,0.871807,0.8
19,0.633333,0.5086973,0.84810006,0.09092967,0.11698349,-0.282135,0.104908,0.871079,0.8
20,0.666667,0.50916432,0.84778357,0.09043114,0.11763045,-0.281673,0.10475,0.869673,0.8
21,0.7,0.5097364,0.84742494,0.08995112,0.11810407,-0.281344,0.104637,0.868681,0.8
22,0.733333,0.51020273,0.84716769,0.08919725,0.1185071,-0.281446,0.104666,0.869027,0.8
23,0.766667,0.51057491,0.84698785,0.08841346,0.1187767,-0.281313,0.104611,0.868657,0.8
24,0.8,0.5107898,0.84682889,0.08781285,0.11942994,-0.280469,0.104298,0.866035,0.8
25,0.833333,0.51093602,0.84655883,0.08717923,0.1211706,-0.279116,0.103788,0.8617,0.8
26,0.866667,0.51095033,0.84644751,0.08618685,0.12258956,-0.278124,0.103408,0.858619,0.8
27,0.9,0.51081983,0.84657502,0.08518308,0.12295403,-0.277628,0.103217,0.857263,0.8
28,0.933333,0.51083261,0.84661738,0.08435588,0.12317929,-0.277182,0.103057,0.85603,0.8
29,0.966667,0.51118026,0.84623042,0.08362072,0.12488554,-0.27616,0.102683,0.852631,0.8
30,1.0,0.51139806,0.84583124,0.08301834,0.12708064,-0.274903,0.10222,0.848546,0.8
31,1.033333,0.51125548,0.84583782,0.08255126,0.1279121,-0.274563,0.102103,0.847696,0.8
32,1.066667,0.51079645,0.84609537,0.08223991,0.12824276,-0.274973,0.102267,0.849169,0.8
33,1.1,0.51015886,0.84642236,0.08173464,0.12894405,-0.275723,0.102568,0.851689,0.8
34,1.133333,0.50929056,0.84674151,0.08163396,0.13033737,-0.276759,0.103019,0.855036,0.8
35,1.166667,0.50797573,0.84730463,0.08064992,0.1324051,-0.277937,0.103551,0.859067,0.8
36,1.2,0.50461927,0.84895732,0.07975357,0.13516743,-0.279918,0.104725,0.865651,0.8
37,1.233333,0.50020834,0.8510839,0.079992,0.13801846,-0.28229,0.106078,0.873209,0.8
38,1.266667,0.49737849,0.8524591,0.07906274,0.1402755,-0.2843,0.106864,0.879621,0.8
39,1.3,0.49591728,0.85315842,0.07752814,0.14204274,-0.286228,0.107414,0.885668,0.8
40,1.333333,0.49560197,0.8530551,0.0782256,0.14337518,-0.288127,0.10786,0.890475,0.8
41,1.366667,0.49685806,0.85206062,0.08121744,0.14327769,-0.290001,0.108187,0.894213,0.8
42,1.4,0.49908092,0.8506504,0.08450636,0.14202398,-0.291532,0.108419,0.897292,0.8
43,1.433333,0.50023183,0.84999512,0.08575869,0.14114479,-0.293295,0.108795,0.901439,0.8
44,1.466667,0.50045331,0.84986533,0.08490333,0.14165743,-0.295495,0.109392,0.90735,0.8
45,1.5,0.50104783,0.84930341,0.08436446,0.14323907,-0.297562,0.110039,0.913303,0.8
46,1.533333,0.50201748,0.84849338,0.08507603,0.14422035,-0.29956,0.110658,0.918723,0.8
47,1.566667,0.50286073,0.84802938,0.08661625,0.1430905,-0.301341,0.111155,0.923019,0.8
48,1.6,0.50375845,0.84763197,0.08830017,0.14124641,-0.30303,0.111621,0.927155,0.8
49,1.633333,0.50478837,0.84703063,0.08944561,0.14045391,-0.304782,0.112172,0.932041,0.8
50,1.666667,0.50561099,0.84655831,0.09009174,0.13992869,-0.306349,0.112701,0.936624,0.8
51,1.7,0.50651361,0.84605748,0.09098646,0.13911204,-0.307438,0.11308,0.939744,0.8
52,1.733333,0.50771964,0.84541663,0.09171957,0.1381268,-0.307892,0.113252,0.941078,0.8
53,1.766667,0.50865299,0.84498421,0.09257767,0.13675958,-0.307945,0.113303,0.941251,0.8
54,1.8,0.50913127,0.84478705,0.09363589,0.13547145,-0.307709,0.113268,0.940597,0.8
55,1.833333,0.50932344,0.84473868,0.09456474,0.1344013,-0.307416,0.113205,0.939803,0.8
56,1.866667,0.5094504,0.84479936,0.09532923,0.13299125,-0.307548,0.113256,0.940194,0.8
57,1.9,0.50968149,0.84479099,0.09611811,0.13158372,-0.307717,0.113321,0.940683,0.8
58,1.933333,0.50988968,0.84475163,0.09673823,0.13057152,-0.307525,0.113276,0.940185,0.8
59,1.966667,0.51002994,0.84472145,0.09712614,0.1299294,-0.307072,0.113138,0.938936,0.8
60,2.0,0.51036761,0.84457414,0.09777029,0.12907515,-0.307079,0.113143,0.93893,0.8
61,2.033333,0.51092722,0.8443307,0.09831397,0.12803674,-0.307876,0.113398,0.941203,0.8
62,2.066667,0.51129659,0.84419677,0.09882775,0.12704599,-0.308809,0.113706,0.94389,0.8
63,2.1,0.51152006,0.84407779,0.09960549,0.1263276,-0.309752,0.114047,0.946623,0.8
64,2.133333,0.5118267,0.84388617,0.10006098,0.12600539,-0.310683,0.114386,0.949433,0.8
65,2.166667,0.51235532,0.84359776,0.09996268,0.12586624,-0.311284,0.1146,0.951351,0.8
66,2.2,0.51306666,0.84318979,0.09971071,0.12590217,-0.31152,0.114697,0.952178,0.8
67,2.233333,0.5138593,0.84274666,0.0991344,0.12609145,-0.3112,0.114609,0.951274,0.8
68,2.266667,0.51460756,0.84234658,0.09828383,0.1263787,-0.310611,0.114422,0.949559,0.8
69,2.3,0.5152937,0.84195501,0.09761963,0.12670662,-0.310249,0.114307,0.948522,0.8
70,2.333333,0.51595955,0.84155968,0.09714438,0.12698824,-0.310266,0.114316,0.948622,0.8
71,2.366667,0.51659247,0.84117646,0.0970896,0.12699603,-0.31022,0.114316,0.948497,0.8
72,2.4,0.51646205,0.8412908,0.09752899,0.12643113,-0.308766,0.113098,0.942944,0.8
73,2.433333,0.51639294,0.84147619,0.09767888,0.12535942,-0.307119,0.110808,0.93569,0.8
74,2.466667,0.51759541,0.84090098,0.09762041,0.12430117,-0.306023,0.10675,0.927734,0.8
75,2.5,0.51837808,0.84005494,0.09691975,0.12727305,-0.306981,0.099814,0.920695,0.8
76,2.533333,0.51778969,0.83930665,0.0961686,0.13494362,-0.310741,0.09081,0.917383,0.8
77,2.566667,0.51646558,0.83854289,0.09378207,0.1459933,-0.315695,0.080924,0.91677,0.8
78,2.6,0.51536156,0.83678019,0.08775635,0.16278881,-0.32317,0.071231,0.922482,0.8
79,2.633333,0.5158534,0.83327206,0.07442207,0.18442965,-0.330752,0.05998,0.926263,0.8
80,2.666667,0.5139024,0.83001231,0.05635586,0.20930339,-0.337392,0.049579,0.928581,0.8
81,2.7,0.51241442,0.82710148,0.03614114,0.22809741,-0.342558,0.042832,0.93188,0.8
82,2.733333,0.51215013,0.82379696,0.0185835,0.24231275,-0.346346,0.03696,0.934075,0.8
83,2.766667,0.50485267,0.82227979,0.00339725,0.26261795,-0.350008,0.029671,0.940732,0.8
84,2.8,0.50173968,0.82033258,-0.01044542,0.274231,-0.347601,0.020125,0.944357,0.8
85,2.833333,0.51961935,0.80900245,-0.03980861,0.27189344,-0.339804,0.009398,0.950854,0.8
86,2.866667,0.53241613,0.80096848,-0.08141376,0.26144666,-0.329275,0.000214,0.957104,0.8
87,2.9,0.5328679,0.79846835,-0.12938327,0.24851571,-0.318751,-0.007509,0.964092,0.8
88,2.933333,0.53884433,0.78655271,-0.18719212,0.23651793,-0.310755,-0.015869,0.978609,0.8
89,2.966667,0.5427275,0.77845249,-0.21988118,0.22607709,-0.304814,-0.022611,0.988979,0.8
90,3.0,0.54533553,0.77382813,-0.24183442,0.21287389,-0.299053,-0.027986,0.996576,0.8
91,3.033333,0.54479403,0.76702861,-0.27877164,0.19275101,-0.288899,-0.034609,1.001856,0.8
92,3.066667,0.53824515,0.76109394,-0.31819875,0.17256225,-0.277584,-0.042005,1.007308,0.8
93,3.1,0.53305529,0.75381885,-0.35259248,0.15260323,-0.267078,-0.048795,1.015775,0.8
94,3.133333,0.53357269,0.74665316,-0.37208263,0.13915375,-0.259221,-0.053594,1.022916,0.8
95,3.166667,0.53358528,0.74242425,-0.3847542,0.12671698,-0.251675,-0.057897,1.026396,0.8
96,3.2,0.53326863,0.73613468,-0.40189573,0.1104994,-0.239134,-0.062323,1.020718,0.8
97,3.233333,0.53364755,0.72836365,-0.41908427,0.09526312,-0.226436,-0.066982,1.020612,0.8
98,3.266667,0.5304267,0.72173843,-0.43667475,0.08400191,-0.218766,-0.071458,1.026743,0.8
99,3.3,0.52775323,0.71528286,-0.4520535,0.07412555,-0.21118,-0.075338,1.028827,0.8
100,3.333333,0.52372296,0.70754073,-0.47077022,0.05895577,-0.200877,-0.079475,1.03286,0.8
101,3.366667,0.51341972,0.70076575,-0.49317541,0.04588651,-0.189301,-0.082753,1.03214,0.8
102,3.4,0.50434969,0.69474752,-0.51152992,0.03597783,-0.178136,-0.085352,1.0317,0.8
103,3.433333,0.4984728,0.69005131,-0.52388755,0.02993143,-0.16958,-0.087344,1.032742,0.8
104,3.466667,0.49205169,0.68640078,-0.5347824,0.02732921,-0.160878,-0.090506,1.033264,0.8
105,3.5,0.48830925,0.68059181,-0.5457035,0.02359134,-0.14967,-0.095847,1.034722,0.8
106,3.533333,0.48493731,0.67608452,-0.55436742,0.02054955,-0.138395,-0.100439,1.035719,0.8
107,3.566667,0.48189814,0.67232347,-0.56164594,0.01758315,-0.127258,-0.103691,1.035919,0.8
108,3.6,0.47904451,0.66966186,-0.56739197,0.01164856,-0.115878,-0.105953,1.034344,0.8
109,3.633333,0.47557952,0.66824813,-0.57204651,0.00559848,-0.104622,-0.107847,1.0321,0.8
110,3.666667,0.47110077,0.66858493,-0.5753649,0.00367232,-0.096096,-0.10968,1.030447,0.8
111,3.7,0.46773361,0.66997582,-0.57649489,0.00336189,-0.089211,-0.110684,1.029013,0.8
112,3.733333,0.46587485,0.67043423,-0.57747013,0.00261088,-0.079945,-0.11102,1.027659,0.8
113,3.766667,0.46255188,0.671316,-0.57911925,0.00121301,-0.07009,-0.111102,1.026173,0.8
114,3.8,0.45972746,0.67160595,-0.58102868,-0.001338,-0.060575,-0.110694,1.025021,0.8
115,3.833333,0.45785976,0.6710894,-0.58307858,-0.00477706,-0.051931,-0.110129,1.024284,0.8
116,3.866667,0.45582472,0.6715721,-0.58409499,-0.00691246,-0.045321,-0.109695,1.023946,0.8
117,3.9,0.45367949,0.67254064,-0.58463737,-0.00794655,-0.039291,-0.10953,1.023592,0.8
118,3.933333,0.45010968,0.67389182,-0.5858116,-0.00979068,-0.032438,-0.109854,1.024085,0.8
119,3.966667,0.44377045,0.6764511,-0.5876563,-0.01190685,-0.024593,-0.109113,1.024397,0.8
120,4.0,0.43678917,0.67923747,-0.5896183,-0.01421032,-0.016686,-0.107147,1.024341,0.8
121,4.033333,0.43176618,0.68209165,-0.58998918,-0.0155471,-0.010585,-0.105421,1.025111,0.8
122,4.066667,0.43133565,0.68448056,-0.58753359,-0.01549863,-0.006717,-0.104502,1.026817,0.8
123,4.1,0.43204173,0.68719217,-0.58386851,-0.01429791,-0.004645,-0.104185,1.02872,0.8
124,4.133333,0.43059967,0.69076486,-0.58074902,-0.01258651,-0.003781,-0.104032,1.029822,0.8
125,4.166667,0.43047462,0.69390752,-0.5771073,-0.01145068,-0.003511,-0.103936,1.030798,0.8
126,4.2,0.43135712,0.69675612,-0.57301748,-0.01062563,-0.003335,-0.10387,1.031611,0.8
127,4.233333,0.43051856,0.69994699,-0.56976939,-0.00952998,-0.003229,-0.103846,1.03216,0.8
128,4.266667,0.42825057,0.70336679,-0.56728187,-0.00824034,-0.00317,-0.103859,1.032665,0.8
129,4.3,0.4265264,0.70657174,-0.56460951,-0.00690675,-0.002931,-0.103896,1.033376,0.8
130,4.333333,0.42528814,0.7095382,-0.56183185,-0.00552314,-0.002758,-0.103922,1.034029,0.8
131,4.366667,0.42379739,0.71241502,-0.5593231,-0.00427556,-0.002827,-0.103935,1.034488,0.8
132,4.4,0.42205465,0.71527414,-0.55699517,-0.00302534,-0.002874,-0.103925,1.034528,0.8
133,4.433333,0.42034294,0.71805379,-0.55471382,-0.00177148,-0.002902,-0.103902,1.034399,0.8
134,4.466667,0.41859656,0.72070115,-0.55259962,-0.000662,-0.002919,-0.103915,1.03464,0.8
135,4.5,0.41687084,0.72318437,-0.55065685,0.00032106,-0.002931,-0.103942,1.035016,0.8
136,4.533333,0.41552636,0.72553308,-0.54857806,0.00130715,-0.002931,-0.103962,1.035392,0.8
137,4.566667,0.41421373,0.7278237,-0.54652929,0.00231882,-0.002926,-0.103974,1.035652,0.8
138,4.6,0.41256336,0.73006915,-0.544775,0.00327295,-0.002925,-0.103983,1.035746,0.8
139,4.633333,0.41098005,0.7321921,-0.54311396,0.00416608,-0.002924,-0.103986,1.035752,0.8
140,4.666667,0.41002976,0.73412748,-0.54120916,0.00500844,-0.002911,-0.10398,1.035868,0.8
141,4.7,0.40928057,0.73600775,-0.53921044,0.00583955,-0.002892,-0.103987,1.036192,0.8
142,4.733333,0.40822838,0.73795024,-0.53733943,0.00673561,-0.002876,-0.104008,1.036577,0.8
143,4.766667,0.40761337,0.73975959,-0.53530393,0.00753575,-0.002856,-0.10402,1.036963,0.8
144,4.8,0.40679556,0.74152806,-0.53346497,0.00828409,-0.002843,-0.10403,1.037185,0.8
145,4.833333,0.40544371,0.74334441,-0.53195021,0.00913532,-0.002839,-0.104047,1.037308,0.8
146,4.866667,0.40427297,0.74505404,-0.53043308,0.00992961,-0.002831,-0.104065,1.037514,0.8
147,4.9,0.40321933,0.74669291,-0.52891318,0.0107105,-0.002821,-0.104071,1.037611,0.8
148,4.933333,0.40214395,0.74830378,-0.52743585,0.0115379,-0.002811,-0.10407,1.037646,0.8
149,4.966667,0.40119944,0.74988313,-0.52589079,0.01237629,-0.002797,-0.104067,1.03772,0.8
150,5.0,0.40066132,0.75142391,-0.52407902,0.01318302,-0.002774,-0.104056,1.03787,0.8
151,5.033333,0.39999997,0.75293608,-0.52239096,0.0139628,-0.002756,-0.104054,1.038009,0.8
152,5.066667,0.39892072,0.75443803,-0.5210256,0.01475922,-0.002752,-0.104048,1.03789,0.8
153,5.1,0.39838177,0.7558797,-0.5193275,0.01538772,-0.002734,-0.104035,1.037927,0.8
154,5.133333,0.39796167,0.75729185,-0.51756995,0.01602836,-0.002715,-0.104037,1.038194,0.8
155,5.166667,0.39734194,0.75873509,-0.51590635,0.01676593,-0.002699,-0.104033,1.038305,0.8
156,5.2,0.39652052,0.76015788,-0.51442026,0.01741434,-0.00269,-0.104026,1.038226,0.8
157,5.233333,0.39532645,0.76155826,-0.51324346,0.01808756,-0.002694,-0.104029,1.038096,0.8
158,5.266667,0.39413813,0.76293916,-0.51208001,0.01878936,-0.002693,-0.104028,1.037988,0.8
159,5.3,0.39299533,0.76427823,-0.51093402,0.01949056,-0.002691,-0.10403,1.037983,0.8
160,5.333333,0.39190612,0.76561486,-0.5097404,0.02020414,-0.002684,-0.104036,1.03808,0.8
161,5.366667,0.39082746,0.76692109,-0.50857504,0.02091332,-0.002677,-0.104035,1.038098,0.8
162,5.4,0.38982315,0.76820472,-0.50737697,0.02163401,-0.002668,-0.104017,1.037948,0.8
163,5.433333,0.38920539,0.76947433,-0.50590158,0.02218122,-0.002646,-0.103993,1.037914,0.8
164,5.466667,0.38859972,0.77073961,-0.50441674,0.02268167,-0.002627,-0.103991,1.0381,0.8
165,5.5,0.3875774,0.77200558,-0.5032341,0.02337895,-0.002622,-0.103999,1.038202,0.8
166,5.533333,0.38642488,0.77325412,-0.50216781,0.02411177,-0.00262,-0.104,1.038157,0.8
167,5.566667,0.38526333,0.77449306,-0.50111573,0.02481337,-0.002617,-0.103991,1.038002,0.8
168,5.6,0.38461801,0.77552778,-0.49998869,0.02523803,-0.002603,-0.103943,1.037557,0.8
169,5.633333,0.38402498,0.77649508,-0.49892425,0.02558886,-0.002593,-0.103899,1.037136,0.8
170,5.666667,0.38294478,0.77759369,-0.49801714,0.02608202,-0.002594,-0.103898,1.037039,0.8
171,5.7,0.38216114,0.77865268,-0.49693892,0.02654383,-0.002583,-0.103885,1.03701,0.8
172,5.733333,0.38145468,0.77967682,-0.4958461,0.02707444,-0.002572,-0.103861,1.036861,0.8
173,5.766667,0.38045726,0.78075469,-0.49487933,0.02772793,-0.002568,-0.103841,1.036658,0.8
174,5.8,0.37946205,0.78183586,-0.49389828,0.02838518,-0.002562,-0.103827,1.03655,0.8
175,5.833333,0.37878004,0.78284787,-0.49278675,0.02891561,-0.002551,-0.103821,1.036642,0.8
176,5.866667,0.37813229,0.78385664,-0.49164616,0.02947533,-0.002539,-0.103817,1.036774,0.8
177,5.9,0.37720205,0.78488929,-0.49067286,0.03012576,-0.002535,-0.103794,1.036534,0.8
178,5.933333,0.37625284,0.78594264,-0.48967214,0.03080861,-0.002529,-0.103748,1.036061,0.8
179,5.966667,0.37530381,0.78699351,-0.4886677,0.03149835,-0.002522,-0.103706,1.035649,0.8
180,6.0,0.37439869,0.78803786,-0.48763743,0.03212005,-0.002511,-0.103682,1.035464,0.8
181,6.033333,0.37350085,0.78908634,-0.48658932,0.0327214,-0.002498,-0.103645,1.035121,0.8
182,6.066667,0.37250367,0.79012753,-0.48562094,0.03334366,-0.002493,-0.103579,1.034363,0.8
183,6.1,0.3715377,0.79116922,-0.48461849,0.03399875,-0.002484,-0.103505,1.033588,0.8
184,6.133333,0.37061724,0.79222495,-0.48354959,0.03467398,-0.002471,-0.103436,1.032944,0.8
185,6.166667,0.36987779,0.79330308,-0.48230272,0.03528081,-0.00245,-0.103385,1.032628,0.8
186,6.2,0.36923876,0.79444973,-0.48085866,0.03587919,-0.002422,-0.103339,1.032433,0.8
187,6.233333,0.3682704,0.7955859,-0.47967176,0.03653753,-0.002411,-0.103302,1.032102,0.8
188,6.266667,0.36713215,0.79664586,-0.47873355,0.03719606,-0.002412,-0.103281,1.03178,0.8
189,6.3,0.36595784,0.79770351,-0.47782218,0.03781445,-0.002413,-0.103258,1.03145,0.8
190,6.333333,0.36475031,0.79873213,-0.47698245,0.03836586,-0.002413,-0.103245,1.031226,0.8
191,6.366667,0.36355004,0.79975731,-0.47613411,0.03893489,-0.002411,-0.103226,1.030972,0.8
192,6.4,0.36236618,0.80074641,-0.47532509,0.03952209,-0.00241,-0.103198,1.030625,0.8
193,6.433333,0.36111176,0.80168853,-0.47464787,0.04003997,-0.002413,-0.103186,1.03041,0.8
194,6.466667,0.36016562,0.80271476,-0.47360616,0.0403353,-0.0024,-0.103194,1.030649,0.8
195,6.5,0.35923648,0.80377852,-0.472478,0.04066664,-0.002383,-0.103209,1.031009,0.8
196,6.533333,0.35788065,0.80483819,-0.47165599,0.04120139,-0.002379,-0.103219,1.031068,0.8
197,6.566667,0.35672929,0.80593498,-0.47060755,0.041732,-0.002366,-0.103212,1.031107,0.8
198,6.6,0.35558941,0.80704513,-0.46951497,0.04230868,-0.002353,-0.103198,1.031073,0.8
199,6.633333,0.35425146,0.80811707,-0.46863131,0.04286496,-0.002351,-0.103184,1.030853,0.8
200,6.666667,0.35293479,0.80914202,-0.46780639,0.04339825,-0.002351,-0.103156,1.030446,0.8
201,6.7,0.35165165,0.81012475,-0.46702771,0.0438649,-0.00235,-0.103123,1.029984,0.8
202,6.733333,0.35035847,0.81106727,-0.46632603,0.04425914,-0.002354,-0.103044,1.028853,0.8
203,6.766667,0.34904869,0.81203602,-0.46558114,0.04468464,-0.002351,-0.102977,1.02802,0.8
204,6.8,0.34768962,0.81307944,-0.46472598,0.04520527,-0.002336,-0.102972,1.028155,0.8
205,6.833333,0.34623936,0.81414774,-0.46388199,0.04577404,-0.002325,-0.102968,1.028242,0.8
206,6.866667,0.34480332,0.81522046,-0.46300871,0.04635957,-0.002314,-0.10296,1.028282,0.8
207,6.9,0.34332957,0.81625242,-0.46222971,0.0469094,-0.002311,-0.102945,1.028099,0.8
208,6.933333,0.34181052,0.81724865,-0.46154282,0.04741775,-0.002311,-0.102943,1.028029,0.8
209,6.966667,0.34034026,0.81831179,-0.46068073,0.04803735,-0.0023,-0.102938,1.028092,0.8
210,7.0,0.33891481,0.81936315,-0.4597978,0.04864931,-0.002292,-0.102914,1.0279,0.8
211,7.033333,0.33754614,0.82047353,-0.45875338,0.04930645,-0.002276,-0.102887,1.027799,0.8
212,7.066667,0.33615292,0.82164831,-0.45758602,0.05010302,-0.002259,-0.102853,1.027669,0.8
213,7.1,0.33477913,0.82280053,-0.45643281,0.05090498,-0.002245,-0.10282,1.02749,0.8
214,7.133333,0.33355292,0.82391413,-0.45523647,0.05164996,-0.002229,-0.102791,1.027402,0.8
215,7.166667,0.33241568,0.8249834,-0.45405223,0.05233322,-0.002214,-0.102753,1.027167,0.8
216,7.2,0.33112508,0.82600938,-0.45305923,0.05293409,-0.00221,-0.102725,1.026832,0.8
217,7.233333,0.32982605,0.82693025,-0.45227057,0.05340853,-0.002214,-0.102693,1.026312,0.8
218,7.266667,0.32862523,0.82781277,-0.45147673,0.05385385,-0.002213,-0.10265,1.025759,0.8
219,7.3,0.32744216,0.82873259,-0.45058769,0.05435684,-0.002205,-0.102636,1.025702,0.8
220,7.333333,0.3262784,0.82963097,-0.4497194,0.05483906,-0.002199,-0.102614,1.025503,0.8
221,7.366667,0.3249934,0.83048858,-0.44901365,0.05526974,-0.002199,-0.102577,1.024978,0.8
222,7.4,0.32355713,0.83137525,-0.44835569,0.05570587,-0.0022,-0.102562,1.024699,0.8
223,7.433333,0.32218574,0.83229523,-0.44757233,0.05621396,-0.002194,-0.10254,1.024497,0.8
224,7.466667,0.32098487,0.83317647,-0.44672818,0.05674173,-0.002184,-0.102507,1.024267,0.8
225,7.5,0.31981476,0.83406651,-0.44583458,0.05729833,-0.002174,-0.102453,1.023804,0.8
226,7.533333,0.31878638,0.83497497,-0.44479504,0.05787414,-0.002156,-0.102389,1.023352,0.8
227,7.566667,0.31765225,0.83588739,-0.44381263,0.05847804,-0.002145,-0.102343,1.02299,0.8
228,7.6,0.31645611,0.83679799,-0.44285641,0.05918495,-0.002136,-0.102292,1.022554,0.8
229,7.633333,0.31537998,0.83763932,-0.44194092,0.05986713,-0.002127,-0.102239,1.022112,0.8
230,7.666667,0.31405445,0.83849304,-0.44117811,0.06050702,-0.002128,-0.102201,1.021628,0.8
231,7.7,0.31259307,0.83937051,-0.44044852,0.06121934,-0.002134,-0.102143,1.020899,0.8
232,7.733333,0.31130562,0.840277,-0.43952062,0.06200808,-0.002126,-0.102074,1.020285,0.8
233,7.766667,0.3100689,0.84121473,-0.43848303,0.06283059,-0.002112,-0.102007,1.019786,0.8
234,7.8,0.30879954,0.84211556,-0.43752455,0.06369066,-0.002102,-0.101937,1.019182,0.8
235,7.833333,0.30750944,0.84300226,-0.43658916,0.06461452,-0.002097,-0.101863,1.018504,0.8
236,7.866667,0.30616123,0.84392209,-0.43562472,0.06551264,-0.002092,-0.101782,1.017708,0.8
237,7.9,0.3049538,0.84482329,-0.43459443,0.06636618,-0.002078,-0.101704,1.017023,0.8
238,7.933333,0.30396217,0.84567818,-0.43349436,0.0672165,-0.002057,-0.101643,1.016654,0.8
239,7.966667,0.3027687,0.84657275,-0.43246622,0.06796076,-0.002043,-0.101598,1.016265,0.8
240,8.0,0.30129178,0.84747215,-0.4316349,0.0685969,-0.00204,-0.101559,1.015722,0.8
241,8.033333,0.3000547,0.84828903,-0.43079515,0.06919852,-0.002033,-0.101522,1.015341,0.8
242,8.066667,0.29916029,0.84904413,-0.42983067,0.06980534,-0.002019,-0.101453,1.014799,0.8
243,8.1,0.29859102,0.84980848,-0.42862897,0.07032896,-0.001996,-0.101401,1.014595,0.8
244,8.133333,0.29801126,0.85055201,-0.4274706,0.07084805,-0.001979,-0.101354,1.014346,0.8
245,8.166667,0.29767606,0.85123316,-0.42623942,0.07149139,-0.001959,-0.101285,1.01395,0.8
246,8.2,0.29768041,0.85190517,-0.42478192,0.07214071,-0.001931,-0.101253,1.014114,0.8
247,8.233333,0.29736996,0.85256844,-0.42357346,0.07268896,-0.001917,-0.101237,1.01413,0.8
248,8.266667,0.29675425,0.85325159,-0.42254712,0.0731613,-0.001911,-0.101185,1.013543,0.8
249,8.3,0.29629223,0.85401413,-0.42124841,0.07362445,-0.001898,-0.101144,1.013273,0.8
250,8.333333,0.29592503,0.85471641,-0.42000533,0.07405238,-0.001888,-0.101135,1.013343,0.8
251,8.366667,0.29518168,0.85539266,-0.41908116,0.07444565,-0.001889,-0.101128,1.013172,0.8
252,8.4,0.2947926,0.85613067,-0.41777635,0.07483661,-0.001875,-0.101108,1.013166,0.8
253,8.433333,0.2945748,0.85678374,-0.41650961,0.07527979,-0.001863,-0.101063,1.012907,0.8
254,8.466667,0.29395169,0.85742996,-0.41553742,0.07572933,-0.001862,-0.101016,1.01235,0.8
255,8.5,0.29333073,0.85812431,-0.41446594,0.07614279,-0.001852,-0.10097,1.011881,0.8
256,8.533333,0.29280169,0.85875552,-0.41345297,0.07656878,-0.001845,-0.100924,1.011441,0.8
257,8.566667,0.29235833,0.85933061,-0.41249353,0.07698439,-0.00184,-0.100894,1.01118,0.8
258,8.6,0.29221034,0.85993356,-0.41126802,0.07736929,-0.001825,-0.100867,1.011155,0.8
259,8.633333,0.29207354,0.86048407,-0.4101455,0.0777231,-0.001815,-0.100842,1.011063,0.8
260,8.666667,0.29180345,0.86099052,-0.40920242,0.07809901,-0.00181,-0.100817,1.010844,0.8
261,8.7,0.29143047,0.86156205,-0.40818194,0.0785278,-0.001802,-0.100768,1.010401,0.8
262,8.733333,0.29098134,0.86210589,-0.40726317,0.07899372,-0.001798,-0.100703,1.00974,0.8
263,8.766667,0.29064989,0.862595,-0.40638031,0.07942008,-0.001795,-0.10066,1.009347,0.8
264,8.8,0.29041574,0.86306865,-0.40545695,0.07984894,-0.001788,-0.10061,1.008946,0.8
265,8.833333,0.2901407,0.86356841,-0.40450799,0.08025755,-0.001779,-0.100547,1.008399,0.8
266,8.866667,0.28989237,0.8641273,-0.40341778,0.08062581,-0.001764,-0.100491,1.007983,0.8
267,8.9,0.28959636,0.86472725,-0.40226572,0.08101245,-0.001749,-0.100426,1.007482,0.8
268,8.933333,0.2893369,0.86530512,-0.4011297,0.08140125,-0.001736,-0.100375,1.007113,0.8
269,8.966667,0.28950674,0.86587546,-0.39970727,0.08172908,-0.001715,-0.100333,1.007061,0.8
270,9.0,0.28980548,0.86640481,-0.39825883,0.08213036,-0.001696,-0.100277,1.006885,0.8
271,9.033333,0.28971951,0.86692004,-0.39710467,0.08258408,-0.001687,-0.100205,1.006241,0.8
272,9.066667,0.28946947,0.86743317,-0.39609126,0.08293875,-0.001682,-0.100143,1.005559,0.8
273,9.1,0.28915479,0.8679473,-0.3951245,0.08326836,-0.001679,-0.100097,1.005032,0.8
274,9.133333,0.28883775,0.86842958,-0.39421356,0.08365692,-0.001676,-0.100029,1.0043,0.8
275,9.166667,0.28867645,0.86882763,-0.39335404,0.08412519,-0.001674,-0.099949,1.003535,0.8
276,9.2,0.28880549,0.86919209,-0.3923619,0.08454965,-0.001664,-0.099879,1.003034,0.8
277,9.233333,0.28918151,0.86948653,-0.39132707,0.08503154,-0.001653,-0.099801,1.002544,0.8
278,9.266667,0.28912404,0.86986517,-0.39040077,0.08561023,-0.001648,-0.099726,1.001864,0.8
279,9.3,0.28875566,0.8703094,-0.38958016,0.08607564,-0.001647,-0.099689,1.001394,0.8
280,9.333333,0.28842636,0.87069749,-0.38887608,0.08643793,-0.001647,-0.099663,1.001002,0.8
281,9.366667,0.28805978,0.87115064,-0.38803457,0.08687515,-0.001639,-0.099585,1.000198,0.8
282,9.4,0.28769017,0.87164532,-0.38709144,0.08734423,-0.001625,-0.09948,0.999196,0.8
283,9.433333,0.28737378,0.87209449,-0.38621568,0.08777792,-0.001614,-0.099374,0.998162,0.8
284,9.466667,0.28709021,0.87246357,-0.38548727,0.08823884,-0.001612,-0.099287,0.997285,0.8
285,9.5,0.28672768,0.87281758,-0.38492608,0.08836641,-0.001611,-0.099277,0.997033,0.8
286,9.533333,0.28626846,0.87328257,-0.38421358,0.08836203,-0.001601,-0.099268,0.996852,0.8
287,9.566667,0.28576745,0.87376776,-0.38343385,0.08857404,-0.001592,-0.099193,0.996088,0.8
288,9.6,0.28519174,0.87415257,-0.38298901,0.08855716,-0.001592,-0.099154,0.995488,0.8
289,9.633333,0.28494601,0.8743962,-0.38264891,0.08841302,-0.001593,-0.099174,0.995583,0.8
290,9.666667,0.28515432,0.87458449,-0.38211345,0.08819466,-0.00158,-0.099166,0.995612,0.8
291,9.7,0.28525784,0.87475208,-0.38178579,0.0876149,-0.001743,-0.09914,0.995254,0.8
292,9.733333,0.28544843,0.8747737,-0.38174602,0.0869491,-0.002793,-0.099151,0.995163,0.8
293,9.766667,0.28606343,0.87445289,-0.38220805,0.0861212,-0.004645,-0.099164,0.994802,0.8
294,9.8,0.28656149,0.87400145,-0.38309936,0.08508145,-0.006296,-0.099392,0.994523,0.8
295,9.833333,0.28680561,0.87360493,-0.38403215,0.08412067,-0.007619,-0.099787,0.994825,0.8
296,9.866667,0.28688718,0.87314323,-0.38523519,0.08312932,-0.008724,-0.100098,0.995239,0.8
297,9.9,0.28665996,0.87285814,-0.38621953,0.08233592,-0.009493,-0.100344,0.996007,0.8
298,9.933333,0.28588888,0.87289485,-0.38682576,0.08177992,-0.010023,-0.100528,0.99693,0.8
299,9.966667,0.28472122,0.8730747,-0.38738933,0.08126444,-0.010387,-0.100624,0.997097,0.8
300,10.0,0.28394206,0.87312566,-0.38794727,0.08077996,-0.01064,-0.100651,0.996719,0.8
301,10.033333,0.28340804,0.87311009,-0.38846788,0.0803204,-0.010819,-0.100668,0.996475,0.8
302,10.066667,0.28308715,0.87308215,-0.38886112,0.07985148,-0.010946,-0.100685,0.996417,0.8
303,10.1,0.28260754,0.87321355,-0.38902043,0.07933587,-0.011023,-0.100666,0.996052,0.8
304,10.133333,0.28164113,0.87346878,-0.38929129,0.07863113,-0.011072,-0.100625,0.995276,0.8
305,10.166667,0.28095741,0.87368928,-0.38944174,0.07787879,-0.011102,-0.100581,0.994678,0.8
306,10.2,0.28020794,0.8739262,-0.38958634,0.07719449,-0.011118,-0.10052,0.993865,0.8
307,10.233333,0.27917262,0.87412832,-0.39001033,0.07651326,-0.011142,-0.100493,0.993281,0.8
308,10.266667,0.27832948,0.87434639,-0.39023779,0.07593122,-0.011154,-0.100464,0.992913,0.8
309,10.3,0.27753986,0.87460602,-0.39031193,0.07544887,-0.011154,-0.100411,0.992387,0.8
310,10.333333,0.27682651,0.8748128,-0.390453,0.07494063,-0.011153,-0.100364,0.99187,0.8
311,10.366667,0.27626935,0.87501727,-0.39051046,0.07430745,-0.011163,-0.10038,0.99216,0.8
312,10.4,0.27554223,0.87529586,-0.39050243,0.07376641,-0.01117,-0.100395,0.992369,0.8
313,10.433333,0.27529029,0.87556013,-0.39016349,0.07336324,-0.011157,-0.100352,0.992146,0.8
314,10.466667,0.27502092,0.87577944,-0.38995117,0.07288314,-0.011147,-0.100318,0.991859,0.8
315,10.5,0.27413231,0.87596412,-0.39026542,0.07232722,-0.011146,-0.10028,0.991117,0.8
316,10.533333,0.27344381,0.87614625,-0.39041531,0.07191747,-0.011145,-0.100261,0.99085,0.8
317,10.566667,0.27384024,0.87622074,-0.38999682,0.07177197,-0.011146,-0.100278,0.991394,0.8
318,10.6,0.27391876,0.87637179,-0.38964498,0.07153867,-0.011143,-0.100277,0.991483,0.8
319,10.633333,0.27301187,0.87659498,-0.38986598,0.07106524,-0.011139,-0.10024,0.990786,0.8
320,10.666667,0.27224067,0.8768291,-0.38995284,0.07065784,-0.011132,-0.100205,0.990314,0.8
321,10.7,0.27142593,0.87710917,-0.38995927,0.07027964,-0.011125,-0.100175,0.989955,0.8
322,10.733333,0.27128855,0.87738982,-0.38948449,0.06993903,-0.011111,-0.100149,0.990004,0.8
323,10.766667,0.27124787,0.87763378,-0.38903612,0.06953013,-0.011097,-0.100118,0.989896,0.8
324,10.8,0.27058812,0.87795905,-0.38881718,0.06921824,-0.011086,-0.100084,0.989545,0.8
325,10.833333,0.27021789,0.87820733,-0.38856232,0.06894571,-0.011095,-0.100126,0.990081,0.8
326,10.866667,0.26988804,0.87834342,-0.38855723,0.06853144,-0.011113,-0.100187,0.990632,0.8
327,10.9,0.26934931,0.8785493,-0.38854055,0.0681052,-0.01112,-0.100223,0.990944,0.8
328,10.933333,0.26891624,0.87874995,-0.38845256,0.06772884,-0.011125,-0.100263,0.991376,0.8
329,10.966667,0.26839679,0.87899878,-0.38829713,0.06745104,-0.011123,-0.100273,0.991494,0.8
330,11.0,0.26773735,0.87925865,-0.38822045,0.06712538,-0.011118,-0.100263,0.991319,0.8
331,11.033333,0.26730673,0.87945717,-0.38814184,0.06669415,-0.011288,-0.100116,0.991533,0.8
332,11.066667,0.2667674,0.87971356,-0.38801492,0.06620895,-0.011576,-0.099854,0.991871,0.8
333,11.1,0.26570296,0.88004926,-0.38808338,0.06562407,-0.011788,-0.099674,0.992113,0.8
334,11.133333,0.26465735,0.88029295,-0.38837852,0.06483004,-0.011957,-0.099592,0.992663,0.8
335,11.166667,0.26361429,0.88047895,-0.38880608,0.06398557,-0.011124,-0.099912,0.993181,0.8
336,11.2,0.26308642,0.88041981,-0.38944106,0.0631043,-0.008974,-0.10076,0.994223,0.8
337,11.233333,0.26333133,0.87999957,-0.39041656,0.0619054,-0.006893,-0.101528,0.994772,0.8
338,11.266667,0.26350228,0.87970941,-0.39114548,0.06068862,-0.005725,-0.102023,0.994914,0.8
339,11.3,0.26326926,0.87957421,-0.39175641,0.05971122,-0.005179,-0.102414,0.995525,0.8
340,11.333333,0.26254334,0.87981332,-0.39180154,0.0590852,-0.004811,-0.102863,0.996045,0.8
341,11.366667,0.26171897,0.88030301,-0.39129647,0.05879506,-0.004737,-0.103341,0.996426,0.8
342,11.4,0.26081989,0.88044145,-0.39164911,0.05836798,-0.00489,-0.103857,0.996387,0.8
343,11.433333,0.25987646,0.88050257,-0.3922001,0.05795279,-0.004999,-0.104377,0.99608,0.8
344,11.466667,0.25923134,0.88059773,-0.3924663,0.057593,-0.005071,-0.104714,0.995761,0.8
345,11.5,0.25851119,0.88079406,-0.39254986,0.05725738,-0.005121,-0.104949,0.995607,0.8
346,11.533333,0.25754117,0.88106926,-0.39260465,0.05701837,-0.005155,-0.105107,0.995392,0.8
347,11.566667,0.25678237,0.88126481,-0.39269216,0.05681561,-0.005179,-0.105188,0.994938,0.8
348,11.6,0.25676282,0.88130693,-0.39269394,0.05623528,-0.005182,-0.105201,0.994255,0.8
349,11.633333,0.25728729,0.88118178,-0.39276599,0.05528822,-0.005173,-0.105157,0.993254,0.8
350,11.666667,0.25786,0.88121528,-0.39244943,0.05432575,-0.005151,-0.105085,0.992276,0.8
351,11.7,0.25849169,0.88135329,-0.39187403,0.05322743,-0.005123,-0.10501,0.991423,0.8
352,11.733333,0.25923078,0.88135609,-0.39151124,0.05224747,-0.005102,-0.104918,0.99043,0.8
353,11.766667,0.26000655,0.88184734,-0.39000115,0.05139029,-0.005053,-0.104794,0.989628,0.8
354,11.8,0.2605942,0.88224046,-0.38883528,0.05049312,-0.00502,-0.104674,0.988587,0.8
355,11.833333,0.26102702,0.88199186,-0.38922792,0.04956695,-0.005032,-0.104574,0.987121,0.8
356,11.866667,0.26181155,0.88171581,-0.3894484,0.04859924,-0.005035,-0.104485,0.986033,0.8
357,11.9,0.2625672,0.88154391,-0.38944002,0.04769976,-0.005031,-0.104393,0.985063,0.8
358,11.933333,0.26312274,0.88155201,-0.38915368,0.04681762,-0.005017,-0.104294,0.984087,0.8
359,11.966667,0.26344628,0.88175065,-0.38858323,0.04598826,-0.005003,-0.104222,0.983437,0.8
360,12.0,0.26306055,0.88205489,-0.38821308,0.04548536,-0.005009,-0.104185,0.98292,0.8
361,12.033333,0.26278307,0.88216971,-0.38819937,0.04497667,-0.005014,-0.104118,0.982036,0.8
362,12.066667,0.26252691,0.88232685,-0.38807075,0.04449771,-0.005014,-0.104051,0.981266,0.8
363,12.1,0.26171542,0.8826833,-0.38783658,0.04424947,-0.005021,-0.104026,0.980909,0.8
364,12.133333,0.26088981,0.88298679,-0.38773892,0.04392452,-0.005029,-0.104001,0.980498,0.8
365,12.166667,0.26038776,0.8834672,-0.38702889,0.0435035,-0.005009,-0.103945,0.980128,0.8
366,12.2,0.25994692,0.88393185,-0.38630605,0.04312443,-0.004992,-0.10389,0.979756,0.8
367,12.233333,0.25979757,0.88406253,-0.3861612,0.04264028,-0.004989,-0.103823,0.979049,0.8
368,12.266667,0.25967365,0.8841364,-0.38613584,0.04208961,-0.004987,-0.103751,0.978244,0.8
369,12.3,0.259228,0.88417071,-0.38641934,0.04151013,-0.004997,-0.103699,0.9774,0.8
370,12.333333,0.25923246,0.88398209,-0.38693894,0.04065025,-0.004999,-0.103615,0.976285,0.8
371,12.366667,0.25956546,0.88377203,-0.3872899,0.03974047,-0.004987,-0.103502,0.975113,0.8
372,12.4,0.25959127,0.88379997,-0.38727431,0.03909725,-0.004973,-0.103399,0.974157,0.8
373,12.433333,0.2592297,0.88404075,-0.38700252,0.03874226,-0.004962,-0.103323,0.973534,0.8
374,12.466667,0.25881853,0.88465069,-0.38591248,0.03844056,-0.004924,-0.103239,0.973233,0.8
375,12.5,0.2584254,0.88543985,-0.3843967,0.03810192,-0.004878,-0.103158,0.97304,0.8
376,12.533333,0.25798602,0.88588578,-0.38369489,0.03778668,-0.004872,-0.103116,0.972712,0.8
377,12.566667,0.25750476,0.8860334,-0.38371,0.03745334,-0.004893,-0.102933,0.972214,0.8
378,12.6,0.25708764,0.88625786,-0.38350646,0.03709108,-0.0049,-0.102632,0.971895,0.8
379,12.633333,0.25842995,0.88629024,-0.38262897,0.03603675,-0.004835,-0.102452,0.971198,0.8
380,12.666667,0.25964009,0.88637234,-0.38171478,0.03499897,-0.004786,-0.102305,0.970531,0.8
381,12.7,0.26041397,0.88626618,-0.38150731,0.03419058,-0.004783,-0.102043,0.969745,0.8
382,12.733333,0.26248543,0.88558402,-0.38177827,0.03298029,-0.004768,-0.101747,0.968249,0.8
383,12.766667,0.26457107,0.88499838,-0.38180504,0.03170047,-0.004742,-0.101496,0.966876,0.8
384,12.8,0.26638563,0.88442981,-0.38196809,0.03038071,-0.004722,-0.101273,0.965322,0.8
385,12.833333,0.26805007,0.88382056,-0.38229838,0.02929724,-0.004715,-0.101066,0.963708,0.8
386,12.866667,0.26986564,0.88324526,-0.38243306,0.02820108,-0.004697,-0.100871,0.962218,0.8
387,12.9,0.27155537,0.88268704,-0.38261141,0.02701432,-0.004679,-0.100692,0.96068,0.8
388,12.933333,0.27318348,0.88209501,-0.3828991,0.02583528,-0.004667,-0.100525,0.959129,0.8
389,12.966667,0.27505708,0.88135529,-0.38332591,0.02485361,-0.004663,-0.100342,0.957541,0.8
390,13.0,0.276798,0.88058079,-0.38389546,0.02417883,-0.004669,-0.100148,0.955788,0.8
391,13.033333,0.27818381,0.87989298,-0.38450784,0.02357599,-0.004678,-0.099969,0.953972,0.8
392,13.066667,0.27954453,0.87922409,-0.38508828,0.02295364,-0.004679,-0.099795,0.952202,0.8
393,13.1,0.2812162,0.87852374,-0.38551675,0.02214331,-0.004658,-0.099605,0.950457,0.8
394,13.133333,0.28304138,0.87782688,-0.38582841,0.02107083,-0.00462,-0.099413,0.948696,0.8
395,13.166667,0.28443135,0.87719575,-0.38629354,0.02009283,-0.004606,-0.099251,0.94692,0.8
396,13.2,0.28554133,0.87657883,-0.38691277,0.01934492,-0.004612,-0.099091,0.945071,0.8
397,13.233333,0.28701759,0.87588553,-0.38742563,0.01862318,-0.004601,-0.098899,0.943244,0.8
398,13.266667,0.28869358,0.87515432,-0.38786608,0.0179117,-0.004583,-0.098701,0.941482,0.8
399,13.3,0.29086764,0.87447519,-0.38782576,0.01674347,-0.004523,-0.098493,0.939845,0.8
400,13.333333,0.29379377,0.87385157,-0.38709281,0.0150935,-0.00442,-0.098271,0.938452,0.8
401,13.366667,0.29664805,0.87326678,-0.38629299,0.01351977,-0.004342,-0.098072,0.937097,0.8
402,13.4,0.29941626,0.87270995,-0.38546782,0.01190802,-0.004277,-0.097886,0.935702,0.8
403,13.433333,0.30248067,0.87201566,-0.38468949,0.01039851,-0.004224,-0.09769,0.93431,0.8
404,13.466667,0.30578735,0.8711832,-0.38399439,0.00906852,-0.004189,-0.097498,0.932979,0.8
405,13.5,0.30850568,0.87026979,-0.38391905,0.00780415,-0.004195,-0.097352,0.931464,0.8
406,13.533333,0.3104096,0.86927939,-0.38464991,0.00660842,-0.004238,-0.097408,0.929701,0.8
407,13.566667,0.31180057,0.86828382,-0.38578896,0.00552178,-0.004102,-0.097921,0.927696,0.8
408,13.6,0.31318216,0.86750839,-0.38642416,0.00474226,-0.00381,-0.098726,0.925621,0.8
409,13.633333,0.3146334,0.86721271,-0.38591233,0.00442918,-0.003362,-0.099498,0.923036,0.8
410,13.666667,0.31559112,0.8669034,-0.38583225,0.00377106,-0.002863,-0.100312,0.919932,0.8
411,13.7,0.3163121,0.86645253,-0.38626341,0.00269197,-0.00256,-0.100969,0.917008,0.8
412,13.733333,0.31715826,0.86586473,-0.38689365,0.00148338,-0.003607,-0.101716,0.913794,0.8
413,13.766667,0.31785078,0.86514992,-0.38792589,3.245e-05,-0.006117,-0.102536,0.910558,0.8
414,13.8,0.31837345,0.86444045,-0.3890743,-0.00150267,-0.007028,-0.102926,0.907665,0.8
415,13.833333,0.31867498,0.8637995,-0.39023994,-0.00307747,-0.005944,-0.103032,0.904782,0.8
416,13.866667,0.31887854,0.86356085,-0.39059146,-0.00417581,-0.004897,-0.102988,0.902157,0.8
417,13.9,0.31914515,0.86362588,-0.39022242,-0.00481524,-0.004256,-0.102857,0.89973,0.8
418,13.933333,0.31934434,0.8637733,-0.38972635,-0.00531542,-0.003849,-0.102681,0.897318,0.8
419,13.966667,0.31956969,0.86389289,-0.38927057,-0.00571989,-0.003586,-0.102486,0.895014,0.8
420,14.0,0.31986451,0.86390347,-0.38899727,-0.00621402,-0.003409,-0.10244,0.892722,0.8
421,14.033333,0.32030265,0.86381497,-0.38882256,-0.00685015,-0.00328,-0.102491,0.890448,0.8
422,14.066667,0.3206954,0.86386374,-0.38838256,-0.0072725,-0.003184,-0.102447,0.888251,0.8
423,14.1,0.32097177,0.86407916,-0.38767007,-0.00750003,-0.00311,-0.102345,0.886157,0.8
424,14.133333,0.3213316,0.8642457,-0.38699624,-0.00769935,-0.003053,-0.1022,0.88407,0.8
425,14.166667,0.32176919,0.86431071,-0.3864856,-0.00777599,-0.003015,-0.102013,0.881908,0.8
426,14.2,0.32217487,0.86440375,-0.38594012,-0.00772841,-0.002982,-0.101801,0.879715,0.8
427,14.233333,0.32258289,0.86451828,-0.38534319,-0.00768469,-0.00295,-0.101576,0.877525,0.8
428,14.266667,0.3230711,0.86455357,-0.38485181,-0.00782759,-0.002919,-0.101348,0.875323,0.8
429,14.3,0.32352845,0.8645989,-0.38436012,-0.00808577,-0.002888,-0.101133,0.873247,0.8
430,14.333333,0.32393287,0.86467613,-0.38384119,-0.0082841,-0.002864,-0.100931,0.871341,0.8
431,14.366667,0.32432251,0.86474751,-0.38334662,-0.00848671,-0.002842,-0.100727,0.869438,0.8
432,14.4,0.32466474,0.86482836,-0.38286902,-0.00871898,-0.00282,-0.100511,0.867435,0.8
433,14.433333,0.32499923,0.86488006,-0.38246191,-0.00899326,-0.002799,-0.10029,0.865387,0.8
434,14.466667,0.32533304,0.86489196,-0.38214338,-0.00931445,-0.00278,-0.100062,0.863269,0.8
435,14.5,0.32564529,0.86497546,-0.38168399,-0.00948341,-0.002758,-0.099822,0.86116,0.8
436,14.533333,0.32593341,0.86515292,-0.38103633,-0.00944193,-0.002733,-0.099581,0.859165,0.8
437,14.566667,0.32624331,0.86533758,-0.38035455,-0.00930509,-0.00271,-0.099336,0.857147,0.8
438,14.6,0.32656849,0.86557461,-0.37953924,-0.00914195,-0.002681,-0.099095,0.855185,0.8
439,14.633333,0.32692736,0.86576516,-0.37879528,-0.00912815,-0.002653,-0.098864,0.853248,0.8
440,14.666667,0.32725652,0.86588456,-0.37823506,-0.00923813,-0.002632,-0.098652,0.851348,0.8
441,14.7,0.32746618,0.86604265,-0.37768813,-0.00936495,-0.002612,-0.098443,0.849419,0.8
442,14.733333,0.32764003,0.86619359,-0.37718672,-0.00953185,-0.002592,-0.098223,0.847383,0.8
443,14.766667,0.32784761,0.86633211,-0.37668433,-0.00967088,-0.002572,-0.097995,0.845327,0.8
444,14.8,0.32813369,0.86637533,-0.37632923,-0.00991911,-0.00269,-0.097762,0.843209,0.8
445,14.833333,0.32847631,0.86632382,-0.37614256,-0.01015523,-0.002917,-0.097533,0.841124,0.8
446,14.866667,0.32881892,0.86629236,-0.37591314,-0.01024562,-0.002943,-0.097302,0.839103,0.8
447,14.9,0.32913817,0.86626593,-0.37569234,-0.01032812,-0.002821,-0.097077,0.83711,0.8
448,14.933333,0.32947764,0.86621976,-0.37549993,-0.01037323,-0.00273,-0.096859,0.83519,0.8
449,14.966667,0.32980144,0.8662513,-0.37514103,-0.01043552,-0.00265,-0.096643,0.833318,0.8
450,15.0,0.33005729,0.86627423,-0.37485658,-0.01066267,-0.002588,-0.096452,0.831542,0.8
451,15.033333,0.33027763,0.86624077,-0.37472862,-0.01104884,-0.002543,-0.096272,0.829773,0.8
452,15.066667,0.33051617,0.8662059,-0.37458791,-0.0114149,-0.002505,-0.096079,0.827959,0.8
453,15.1,0.33081467,0.86615528,-0.3744329,-0.0116912,-0.002474,-0.095873,0.826113,0.8
454,15.133333,0.33112887,0.86612582,-0.37421675,-0.01189746,-0.002444,-0.095646,0.824143,0.8
455,15.166667,0.33141799,0.86612469,-0.37395513,-0.01215335,-0.002415,-0.095428,0.822225,0.8
456,15.2,0.33172764,0.86606396,-0.37381866,-0.01223142,-0.002402,-0.095187,0.82015,0.8
457,15.233333,0.33215523,0.86589042,-0.37384849,-0.01199993,-0.002404,-0.094909,0.817858,0.8
458,15.266667,0.33259695,0.8656923,-0.37392513,-0.01166651,-0.002541,-0.094638,0.815617,0.8
459,15.3,0.33302074,0.86557818,-0.37382359,-0.01129252,-0.00276,-0.09438,0.813494,0.8
460,15.333333,0.33336411,0.86550327,-0.37370101,-0.01095502,-0.002912,-0.094137,0.811409,0.8
461,15.366667,0.33362167,0.86533084,-0.37387746,-0.01071303,-0.003033,-0.093907,0.80924,0.8
462,15.4,0.33391662,0.86512264,-0.3740982,-0.01063232,-0.00311,-0.093682,0.807102,0.8
463,15.433333,0.33424811,0.86489007,-0.37434181,-0.0105625,-0.003163,-0.093454,0.804986,0.8
464,15.466667,0.33464251,0.86466267,-0.37451958,-0.01038928,-0.003195,-0.093202,0.802773,0.8
465,15.5,0.33515492,0.86448048,-0.37448463,-0.01029265,-0.003196,-0.092953,0.800668,0.8
466,15.533333,0.33570139,0.86437396,-0.37424313,-0.01021325,-0.00318,-0.092715,0.798692,0.8
467,15.566667,0.33622511,0.86435538,-0.37381945,-0.01007338,-0.003155,-0.092477,0.79675,0.8
468,15.6,0.3367782,0.86426772,-0.37352811,-0.00992482,-0.003138,-0.092239,0.794748,0.8
469,15.633333,0.33741989,0.86405944,-0.3734324,-0.00986638,-0.003124,-0.091997,0.792662,0.8
470,15.666667,0.33815077,0.86376583,-0.37344987,-0.00989182,-0.003111,-0.091765,0.790629,0.8
471,15.7,0.33883575,0.86340247,-0.37367241,-0.00976951,-0.003116,-0.091538,0.788606,0.8
472,15.733333,0.33943953,0.86312613,-0.37376824,-0.00955988,-0.003113,-0.091321,0.786668,0.8
473,15.766667,0.3400275,0.86292274,-0.37370585,-0.00946421,-0.003092,-0.091103,0.784735,0.8
474,15.8,0.34073106,0.86269229,-0.37359603,-0.00950618,-0.00306,-0.090869,0.782694,0.8
475,15.833333,0.34151881,0.86243342,-0.37347251,-0.00958038,-0.003027,-0.090623,0.78059,0.8
476,15.866667,0.34226162,0.86216027,-0.37342181,-0.00963336,-0.003134,-0.090385,0.778494,0.8
477,15.9,0.34296654,0.86194286,-0.37327195,-0.00982413,-0.003193,-0.090157,0.776449,0.8
478,15.933333,0.34367184,0.8617789,-0.37299384,-0.0101187,-0.003093,-0.089944,0.774537,0.8
479,15.966667,0.34448497,0.86156574,-0.37273311,-0.01022786,-0.003025,-0.089728,0.772704,0.8
480,16.0,0.34548238,0.86122536,-0.37259667,-0.01022318,-0.003106,-0.08962,0.77078,0.8
481,16.033333,0.34650675,0.86081542,-0.37258381,-0.01054447,-0.003282,-0.089628,0.768861,0.8
482,16.066667,0.34761562,0.86037747,-0.37255316,-0.01086915,-0.003399,-0.08945,0.767038,0.8
483,16.1,0.34881506,0.8599968,-0.37230463,-0.01108251,-0.00347,-0.08926,0.765336,0.8
484,16.133333,0.34998829,0.85966524,-0.37196388,-0.01125741,-0.003517,-0.08921,0.763752,0.8
485,16.166667,0.35109818,0.8593688,-0.37159791,-0.01141572,-0.003548,-0.089137,0.762257,0.8
486,16.2,0.35210037,0.85922576,-0.37097366,-0.0116176,-0.003555,-0.089041,0.760821,0.8
487,16.233333,0.35303952,0.85916805,-0.37020921,-0.01176846,-0.003549,-0.088922,0.759403,0.8
488,16.266667,0.35395406,0.85898305,-0.36975654,-0.0120313,-0.003557,-0.088827,0.758125,0.8
489,16.3,0.35500708,0.85869081,-0.36942259,-0.01212487,-0.003564,-0.088685,0.756695,0.8
490,16.333333,0.3562498,0.85817633,-0.36942348,-0.01207284,-0.00357,-0.088744,0.754933,0.8
491,16.366667,0.35761261,0.85747769,-0.36973727,-0.01181428,-0.003717,-0.0891,0.753049,0.8
492,16.4,0.35895341,0.85682235,-0.36997424,-0.01126795,-0.003954,-0.089423,0.75121,0.8
493,16.433333,0.3603099,0.85606409,-0.37042654,-0.01073495,-0.004679,-0.089773,0.749545,0.8
494,16.466667,0.36121007,0.85549563,-0.37085733,-0.01092515,-0.006279,-0.090269,0.74761,0.8
495,16.5,0.36162054,0.8554361,-0.37055632,-0.01215196,-0.008066,-0.090852,0.745602,0.8
496,16.533333,0.36191887,0.85559791,-0.36983342,-0.0137911,-0.009564,-0.091347,0.743829,0.8
497,16.566667,0.36207602,0.85573324,-0.36928801,-0.01574591,-0.011475,-0.091498,0.742105,0.8
498,16.6,0.36224174,0.85592978,-0.36855174,-0.0182959,-0.013808,-0.091271,0.740616,0.8
499,16.633333,0.36249082,0.85596549,-0.36805226,-0.0214714,-0.015985,-0.09079,0.73919,0.8
500,16.666667,0.36290544,0.85581401,-0.3677717,-0.02502004,-0.017728,-0.09011,0.737696,0.8
501,16.7,0.3636856,0.85554851,-0.36735641,-0.02861465,-0.018843,-0.089151,0.736405,0.8
502,16.733333,0.36486943,0.85508097,-0.36696411,-0.03231369,-0.019539,-0.088019,0.735074,0.8
503,16.766667,0.36612978,0.85472804,-0.36618301,-0.03604106,-0.01995,-0.087082,0.733707,0.8
504,16.8,0.36721311,0.85464025,-0.36492825,-0.03964781,-0.020178,-0.086419,0.732327,0.8
505,16.833333,0.36817805,0.85472412,-0.36337477,-0.04301598,-0.020306,-0.085927,0.730981,0.8
506,16.866667,0.36902322,0.85499204,-0.36152636,-0.04592571,-0.020386,-0.085558,0.729879,0.8
507,16.9,0.36963565,0.85544074,-0.35952932,-0.04826269,-0.020432,-0.085263,0.728845,0.8
508,16.933333,0.37027225,0.855844,-0.35761164,-0.0504324,-0.020456,-0.085027,0.727838,0.8
509,16.966667,0.37099136,0.85613377,-0.35585089,-0.0526358,-0.02046,-0.084826,0.726776,0.8
510,17.0,0.37158131,0.85646517,-0.35414656,-0.05454319,-0.02046,-0.084659,0.72581,0.8
511,17.033333,0.37196449,0.85691844,-0.35234431,-0.05645074,-0.020452,-0.084516,0.724916,0.8
512,17.066667,0.37236415,0.85734285,-0.35056682,-0.0584045,-0.020427,-0.084371,0.72391,0.8
513,17.1,0.37286827,0.85776546,-0.34870547,-0.06010127,-0.020404,-0.084239,0.723038,0.8
514,17.133333,0.3733521,0.85820913,-0.34680082,-0.06176163,-0.020387,-0.08413,0.722336,0.8
515,17.166667,0.37372562,0.85865159,-0.34500767,-0.06337435,-0.02037,-0.084029,0.72162,0.8
516,17.2,0.37394575,0.85913993,-0.34328982,-0.06477072,-0.020346,-0.08392,0.720804,0.8
517,17.233333,0.3741112,0.85961153,-0.34166779,-0.06612067,-0.020324,-0.083816,0.719987,0.8
518,17.266667,0.37426852,0.86008294,-0.34003719,-0.06749156,-0.020307,-0.083729,0.719322,0.8
519,17.3,0.37439169,0.8605467,-0.3384688,-0.06876849,-0.020288,-0.083642,0.718633,0.8
520,17.333333,0.37447141,0.86102262,-0.33693816,-0.06988478,-0.020268,-0.083555,0.717936,0.8
521,17.366667,0.37452082,0.86155301,-0.33528357,-0.07103159,-0.020247,-0.083472,0.71732,0.8
522,17.4,0.37457425,0.86206305,-0.33367962,-0.07210645,-0.020222,-0.083501,0.716626,0.8
523,17.433333,0.37458953,0.86255324,-0.33219534,-0.07301264,-0.020193,-0.083605,0.715779,0.8
524,17.466667,0.374534,0.86307727,-0.33068476,-0.07395599,-0.020168,-0.08366,0.715003,0.8
525,17.5,0.37460806,0.86357584,-0.32906246,-0.07498982,-0.020024,-0.083685,0.714409,0.8
526,17.533333,0.37474227,0.86410842,-0.32725752,-0.07607481,-0.019905,-0.083668,0.713778,0.8
527,17.566667,0.37469613,0.86475693,-0.325352,-0.07709957,-0.019928,-0.083623,0.71309,0.8
528,17.6,0.37464297,0.86533269,-0.3236609,-0.07801032,-0.019821,-0.08357,0.712363,0.8
529,17.633333,0.37474192,0.86581586,-0.32203507,-0.07889742,-0.01962,-0.083515,0.71172,0.8
530,17.666667,0.37480906,0.86640356,-0.32016508,-0.07973311,-0.019491,-0.083492,0.71157,0.8
531,17.7,0.37493837,0.866934,-0.31840247,-0.08041476,-0.019393,-0.083459,0.71136,0.8
532,17.733333,0.37516087,0.86736238,-0.31682233,-0.08099646,-0.019317,-0.083421,0.711092,0.8
533,17.766667,0.37534683,0.86786304,-0.31510185,-0.08148205,-0.019381,-0.083386,0.710974,0.8
534,17.8,0.37559925,0.86840568,-0.31317767,-0.08195441,-0.019541,-0.083345,0.710898,0.8
535,17.833333,0.37561897,0.86897068,-0.31141362,-0.08259477,-0.019655,-0.083314,0.710724,0.8
536,17.866667,0.37543879,0.86942014,-0.31019867,-0.08325336,-0.019741,-0.083658,0.710359,0.8
537,17.9,0.37525525,0.86963748,-0.30966539,-0.08379438,-0.019813,-0.08488,0.710087,0.8
538,17.933333,0.37429294,0.86992462,-0.30988369,-0.0843093,-0.020194,-0.087084,0.710175,0.8
539,17.966667,0.37329959,0.87018548,-0.31055406,-0.08355137,-0.020974,-0.090504,0.710557,0.8
540,18.0,0.3727685,0.87037169,-0.3109086,-0.08265959,-0.021444,-0.094021,0.710553,0.8
541,18.033333,0.37148585,0.87080147,-0.31158033,-0.08136805,-0.021715,-0.097853,0.711246,0.8
542,18.066667,0.36884345,0.87155548,-0.31304213,-0.07968799,-0.021887,-0.102326,0.712776,0.8
543,18.1,0.36602192,0.87240876,-0.31402895,-0.07947782,-0.021611,-0.106428,0.714034,0.8
544,18.133333,0.36389882,0.87256668,-0.31621058,-0.07884101,-0.021044,-0.110152,0.714885,0.8
545,18.166667,0.36216807,0.87168818,-0.32063724,-0.0786496,-0.020535,-0.113275,0.714968,0.8
546,18.2,0.36138488,0.86993548,-0.32573501,-0.08068419,-0.020473,-0.116103,0.714779,0.8
547,18.233333,0.36128208,0.86731473,-0.33187749,-0.08424816,-0.020844,-0.118972,0.715138,0.8
548,18.266667,0.36142328,0.86363728,-0.34012597,-0.08842052,-0.02164,-0.121826,0.71544,0.8
549,18.3,0.3616183,0.85966033,-0.34878551,-0.09254719,-0.022685,-0.124227,0.715865,0.8
550,18.333333,0.36214407,0.85593781,-0.35641054,-0.09588357,-0.023839,-0.126311,0.716416,0.8
551,18.366667,0.36503027,0.85135868,-0.36358124,-0.09874197,-0.025244,-0.128667,0.716944,0.8
552,18.4,0.36938185,0.84568149,-0.37146206,-0.10195982,-0.027004,-0.131402,0.717115,0.8
553,18.433333,0.3738636,0.83986272,-0.3791586,-0.10533455,-0.028926,-0.134053,0.717084,0.8
554,18.466667,0.37959793,0.8335836,-0.38640455,-0.1083297,-0.030737,-0.13606,0.717164,0.8
555,18.5,0.38538504,0.82646208,-0.39516033,-0.11084728,-0.0327,-0.138023,0.717226,0.8
556,18.533333,0.39037151,0.81929211,-0.40430767,-0.11360384,-0.034959,-0.13978,0.717325,0.8
557,18.566667,0.39456772,0.81131685,-0.41498949,-0.11774974,-0.03687,-0.141044,0.717305,0.8
558,18.6,0.40012887,0.80169445,-0.42664863,-0.12310098,-0.038571,-0.142512,0.71783,0.8
559,18.633333,0.40629018,0.79255394,-0.43656085,-0.1272838,-0.04044,-0.143834,0.718088,0.8
560,18.666667,0.41280706,0.7840604,-0.44466332,-0.13082109,-0.042157,-0.144719,0.718852,0.8
561,18.7,0.4197693,0.77594241,-0.45102755,-0.13520823,-0.043959,-0.145308,0.720368,0.8
562,18.733333,0.4251715,0.7676651,-0.45868584,-0.13973826,-0.046119,-0.14597,0.721568,0.8
563,18.766667,0.42890738,0.75821502,-0.46864724,-0.14669086,-0.048657,-0.14648,0.722786,0.8
564,18.8,0.43190827,0.74961507,-0.47669814,-0.1558569,-0.05133,-0.14634,0.723799,0.8
565,18.833333,0.43374724,0.74080455,-0.48524145,-0.16617065,-0.054081,-0.146,0.724427,0.8
566,18.866667,0.43427225,0.73053605,-0.49581097,-0.17859501,-0.056869,-0.145519,0.725323,0.8
567,18.9,0.43497117,0.72010692,-0.50576064,-0.19092479,-0.059851,-0.144781,0.727129,0.8
568,18.933333,0.43529777,0.70973068,-0.51572879,-0.20204461,-0.063006,-0.143606,0.729955,0.8
569,18.966667,0.43623615,0.69979493,-0.52412183,-0.21279424,-0.065631,-0.142277,0.733363,0.8
570,19.0,0.43709537,0.69095509,-0.53089733,-0.22288276,-0.067817,-0.140879,0.73653,0.8
571,19.033333,0.43656333,0.68069044,-0.53993889,-0.23353582,-0.07044,-0.13897,0.739984,0.8
572,19.066667,0.43609171,0.66870376,-0.55000703,-0.24525819,-0.072884,-0.137053,0.743866,0.8
573,19.1,0.43467542,0.65559888,-0.56170496,-0.25638824,-0.074819,-0.134077,0.747666,0.8
574,19.133333,0.43307883,0.64180964,-0.57418698,-0.26614362,-0.076527,-0.130323,0.751051,0.8
575,19.166667,0.43085918,0.62907549,-0.58571323,-0.2748898,-0.078055,-0.12648,0.754274,0.8
576,19.2,0.42635074,0.61669234,-0.59810946,-0.28316193,-0.07938,-0.121963,0.757497,0.8
577,19.233333,-0.42194288,-0.60421531,0.61101997,0.28903748,-0.08056,-0.117456,0.761704,0.8
578,19.266667,-0.41677448,-0.59318919,0.62338439,0.29294628,-0.081579,-0.113461,0.765888,0.8
579,19.3,-0.41090447,-0.58380447,0.63461587,0.29596039,-0.082446,-0.109503,0.769117,0.8
580,19.333333,-0.40839853,-0.57240726,0.64589051,0.29729786,-0.083167,-0.104616,0.772946,0.8
581,19.366667,-0.40667005,-0.56115047,0.65699698,0.29679049,-0.083655,-0.099196,0.778881,0.8
582,19.4,-0.40229981,-0.55381978,0.66572235,0.29707284,-0.084127,-0.094231,0.784424,0.8
583,19.433333,-0.39999773,-0.54605606,0.6744317,0.29490077,-0.08433,-0.088039,0.789772,0.8
584,19.466667,-0.4018321,-0.53479063,0.68566356,0.28704602,-0.084429,-0.080414,0.798,0.8
585,19.5,-0.40176632,-0.52341169,0.69539152,0.28470101,-0.085026,-0.074458,0.806952,0.8
586,19.533333,-0.39965421,-0.5107265,0.70567351,0.28541174,-0.08586,-0.068909,0.816121,0.8
587,19.566667,-0.39834412,-0.49536822,0.71834744,0.28268225,-0.086055,-0.061899,0.825713,0.8
588,19.6,-0.39782173,-0.4822219,0.72877626,0.27943707,-0.08577,-0.054311,0.835968,0.8
589,19.633333,-0.39923477,-0.4672025,0.73778346,0.2793009,-0.085973,-0.046943,0.845898,0.8
590,19.666667,-0.40446404,-0.44670857,0.74734131,0.2798951,-0.086356,-0.039033,0.85443,0.8
591,19.7,-0.42267305,-0.42517756,0.75266833,0.27214319,-0.085416,-0.027654,0.861631,0.8
592,19.733333,-0.44460188,-0.40947099,0.75497502,0.25431356,-0.083056,-0.017567,0.859905,0.8
593,19.766667,-0.44530875,-0.3945155,0.76619677,0.24289946,-0.082353,-0.011518,0.857623,0.8
594,19.8,-0.43337155,-0.37597552,0.78219337,0.24290953,-0.082643,-0.005978,0.861218,0.8
595,19.833333,-0.4254026,-0.36200828,0.79280459,0.24381042,-0.081298,-0.001203,0.856856,0.8
596,19.866667,-0.41817752,-0.35060404,0.80139774,0.24487964,-0.079456,0.00306,0.847243,0.8
597,19.9,-0.41187686,-0.33942752,0.80916485,0.24576139,-0.07791,0.006552,0.840256,0.8
598,19.933333,-0.4073416,-0.33066185,0.81439784,0.24797524,-0.076196,0.009498,0.83514,0.8
599,19.966667,-0.40274714,-0.32339492,0.81880748,0.25052901,-0.074539,0.012273,0.831056,0.8
600,20.0,-0.39549228,-0.3161643,0.82390316,0.25457723,-0.073735,0.015452,0.83199,0.8
601,20.033333,-0.38899859,-0.30819095,0.82889626,0.25812675,-0.073057,0.018809,0.834556,0.8
602,20.066667,-0.38574852,-0.29840004,0.83416662,0.2575297,-0.072054,0.022421,0.832675,0.8
603,20.1,-0.38343047,-0.28852141,0.83887671,0.25694812,-0.071389,0.026642,0.832923,0.8
604,20.133333,-0.38147888,-0.27993887,0.84235597,0.25796222,-0.070985,0.03031,0.836006,0.8
605,20.166667,-0.3786068,-0.27228429,0.84573801,0.25931715,-0.070495,0.033334,0.839623,0.8
606,20.2,-0.37534194,-0.26554165,0.8487997,0.26104621,-0.069934,0.03647,0.843583,0.8
607,20.233333,-0.37106969,-0.25967439,0.85181773,0.26321673,-0.069267,0.039831,0.84288,0.8
608,20.266667,-0.36580247,-0.25402885,0.85505437,0.26559351,-0.068592,0.043583,0.840355,0.8
609,20.3,-0.36167006,-0.24792557,0.85762731,0.2687063,-0.067871,0.047157,0.837623,0.8
610,20.333333,-0.35887358,-0.2410092,0.85949685,0.27274435,-0.06743,0.051137,0.838224,0.8
611,20.366667,-0.35536538,-0.23399828,0.86141165,0.27736296,-0.06741,0.055334,0.843863,0.8
612,20.4,-0.3503381,-0.22734988,0.86353112,0.28264686,-0.067313,0.05893,0.848295,0.8
613,20.433333,-0.3442868,-0.22069065,0.86625169,0.28700216,-0.06724,0.062272,0.850102,0.8
614,20.466667,-0.33751867,-0.21339925,0.8700661,0.28901019,-0.06702,0.065688,0.850391,0.8
615,20.5,-0.33262589,-0.20529649,0.87343639,0.29038292,-0.066487,0.069343,0.847308,0.8
616,20.533333,-0.32890025,-0.19687739,0.87581738,0.29327094,-0.065928,0.073227,0.84148,0.8
617,20.566667,-0.32265214,-0.18775014,0.87911893,0.29630288,-0.065801,0.077251,0.838396,0.8
618,20.6,-0.31606667,-0.17758739,0.88224095,0.30035893,-0.065847,0.081366,0.837018,0.8
619,20.633333,-0.30936201,-0.16704031,0.88509723,0.30495175,-0.065575,0.085432,0.833552,0.8
620,20.666667,-0.3014072,-0.15674487,0.88841604,0.30870973,-0.065287,0.089607,0.831951,0.8
621,20.7,-0.29553176,-0.14560364,0.89089277,0.31268296,-0.065159,0.094092,0.832353,0.8
622,20.733333,-0.28978969,-0.13241517,0.89332886,0.31694116,-0.06514,0.098136,0.831975,0.8
623,20.766667,-0.28540488,-0.11998777,0.89505126,0.32098323,-0.065009,0.100996,0.831412,0.8
624,20.8,-0.28183342,-0.10921636,0.89668402,0.32341843,-0.064837,0.102826,0.827867,0.8
625,20.833333,-0.2766714,-0.09829852,0.89932146,0.3240544,-0.064889,0.104197,0.82407,0.8
626,20.866667,-0.27268508,-0.08835932,0.90177004,0.32349075,-0.064849,0.105222,0.821545,0.8
627,20.9,-0.26969341,-0.07917688,0.90370427,0.32297846,-0.064812,0.106072,0.820293,0.8
628,20.933333,-0.26710322,-0.07034634,0.90539187,0.32244816,-0.064802,0.106698,0.819922,0.8
629,20.966667,-0.2649383,-0.06260487,0.9071028,0.32101843,-0.064737,0.107082,0.819188,0.8
630,21.0,-0.26315026,-0.05594627,0.90865405,0.31932706,-0.064772,0.107458,0.819908,0.8
631,21.033333,-0.2614626,-0.04989737,0.90977906,0.31851158,-0.06463,0.107709,0.820275,0.8
632,21.066667,-0.26058868,-0.0441861,0.91027075,0.31866642,-0.064215,0.107695,0.818917,0.8
633,21.1,-0.25882244,-0.03859581,0.91103591,0.31864537,-0.063946,0.107691,0.817735,0.8
634,21.133333,-0.25538064,-0.03304351,0.91240036,0.31814217,-0.063856,0.107789,0.817195,0.8
635,21.166667,-0.25172362,-0.02776953,0.91367584,0.31790019,-0.063919,0.107825,0.816479,0.8
636,21.2,-0.24822884,-0.02284776,0.91478203,0.31785888,-0.063964,0.107859,0.816016,0.8
637,21.233333,-0.24510632,-0.0182732,0.91582712,0.31756836,-0.063896,0.107981,0.816422,0.8
638,21.266667,-0.24140367,-0.01365897,0.91708781,0.31699786,-0.063886,0.108144,0.81702,0.8
639,21.3,-0.2375255,-0.00895279,0.91846581,0.31610446,-0.063892,0.108294,0.817389,0.8
640,21.333333,-0.23389913,-0.00429976,0.9196923,0.31533916,-0.063925,0.108479,0.818202,0.8
641,21.366667,-0.23017123,0.00044975,0.92095083,0.31443691,-0.063983,0.108687,0.819181,0.8
642,21.4,-0.22632557,0.00532615,0.92231457,0.31318399,-0.064027,0.108848,0.819618,0.8
643,21.433333,-0.2221333,0.00976214,0.92373154,0.31189989,-0.064064,0.108976,0.81985,0.8
644,21.466667,-0.21787277,0.01393299,0.92515305,0.31053045,-0.064098,0.109084,0.819969,0.8
645,21.5,-0.21353321,0.0188649,0.92641333,0.3095255,-0.06417,0.109299,0.820948,0.8
646,21.533333,-0.20900711,0.02391414,0.92761087,0.30867818,-0.064273,0.109692,0.822291,0.8
647,21.566667,-0.20458653,0.02862575,0.9287875,0.30769904,-0.064354,0.110107,0.823005,0.8
648,21.6,-0.20024082,0.03368286,0.9297253,0.3072132,-0.064425,0.110461,0.823639,0.8
649,21.633333,-0.19585726,0.0395222,0.93037076,0.30738928,-0.064498,0.110807,0.824365,0.8
650,21.666667,-0.19148459,0.04619961,0.9307804,0.30797255,-0.06455,0.111022,0.825069,0.8
651,21.7,-0.18690561,0.05305992,0.93114517,0.30857676,-0.064622,0.111314,0.826222,0.8
652,21.733333,-0.18239274,0.05954064,0.93149135,0.30904962,-0.064725,0.111806,0.827717,0.8
653,21.766667,-0.17812454,0.06557054,0.93171323,0.30964919,-0.064803,0.112229,0.828954,0.8
654,21.8,-0.17391056,0.07129384,0.93198359,0.30996596,-0.064843,0.112494,0.8295,0.8
655,21.833333,-0.16973408,0.07675119,0.93230349,0.31001581,-0.06486,0.112664,0.829605,0.8
656,21.866667,-0.1655903,0.08195267,0.93259131,0.31005978,-0.064875,0.112734,0.830122,0.8
657,21.9,-0.16156712,0.0868779,0.93281272,0.31017531,-0.064883,0.11269,0.830657,0.8
658,21.933333,-0.15748154,0.09156452,0.93288087,0.310723,-0.064893,0.112743,0.831262,0.8
659,21.966667,-0.15338045,0.09604246,0.9329033,0.31135464,-0.064898,0.112839,0.831725,0.8
660,22.0,-0.14883445,0.10054467,0.93321843,0.31119518,-0.064921,0.112875,0.832251,0.8
661,22.033333,-0.14387094,0.10504448,0.93371431,0.31055499,-0.064962,0.112899,0.832766,0.8
662,22.066667,-0.13895206,0.10934098,0.93416185,0.30996535,-0.065,0.11298,0.833425,0.8
663,22.1,-0.13428598,0.11339123,0.93457069,0.30933369,-0.065037,0.113089,0.834073,0.8
664,22.133333,-0.13044417,0.11704698,0.93494483,0.30848418,-0.065049,0.113158,0.834091,0.8
665,22.166667,-0.12680765,0.12049949,0.93536307,0.3074014,-0.065054,0.113241,0.834158,0.8
666,22.2,-0.1228927,0.12387122,0.93571909,0.30656661,-0.065057,0.113364,0.834422,0.8
667,22.233333,-0.11883442,0.1271313,0.93597837,0.30604003,-0.065065,0.113531,0.835044,0.8
668,22.266667,-0.1149335,0.13020052,0.93609473,0.30588361,-0.065066,0.113698,0.835574,0.8
669,22.3,-0.11136055,0.13307924,0.93633383,0.30523385,-0.065026,0.113712,0.834693,0.8
670,22.333333,-0.1078096,0.13588179,0.93683254,0.30374006,-0.06496,0.113593,0.832974,0.8
671,22.366667,-0.10444965,0.13854394,0.937364,0.30206716,-0.064876,0.113472,0.831316,0.8
672,22.4,-0.09951092,0.14153714,0.93797433,0.30044794,-0.064797,0.113373,0.832145,0.8
673,22.433333,-0.0937342,0.14470863,0.93872624,0.29843988,-0.064504,0.113124,0.833694,0.8
674,22.466667,-0.08913406,0.14759172,0.93917152,0.29703309,-0.063828,0.112796,0.833135,0.8
675,22.5,-0.08403303,0.15065339,0.93964407,0.29548439,-0.062837,0.112465,0.8326,0.8
676,22.533333,-0.07865938,0.15394449,0.94009711,0.29382175,-0.061552,0.111071,0.831094,0.8
677,22.566667,-0.07427924,0.15715014,0.94024165,0.29280038,-0.060136,0.108899,0.831258,0.8
678,22.6,-0.06946677,0.16059546,0.94033669,0.29180539,-0.058501,0.10673,0.832967,0.8
679,22.633333,-0.06308188,0.16457864,0.94030909,0.29112431,-0.056661,0.104883,0.836037,0.8
680,22.666667,-0.05710148,0.16850627,0.9402643,0.29025524,-0.055054,0.10335,0.839657,0.8
681,22.7,-0.05165049,0.17226805,0.94008501,0.28964825,-0.05393,0.102045,0.841578,0.8
682,22.733333,-0.04723248,0.17568628,0.93960551,0.28990499,-0.053329,0.101421,0.844378,0.8
683,22.766667,-0.0441615,0.17864827,0.93901657,0.29048657,-0.053061,0.101066,0.847045,0.8
684,22.8,-0.04041469,0.18164063,0.93863314,0.2904155,-0.05293,0.100838,0.849494,0.8
685,22.833333,-0.0363721,0.18452631,0.93827542,0.29028665,-0.052855,0.100588,0.850456,0.8
686,22.866667,-0.03217985,0.18728118,0.9380031,0.28989723,-0.052789,0.100197,0.850407,0.8
687,22.9,-0.02837265,0.18979109,0.9377664,0.28942791,-0.052753,0.099839,0.850793,0.8
688,22.933333,-0.0246278,0.19212927,0.9375234,0.28901502,-0.052745,0.099633,0.851509,0.8
689,22.966667,-0.02057574,0.1943987,0.93745026,0.28804997,-0.052762,0.099517,0.852339,0.8
690,23.0,-0.0167065,0.19650758,0.93729354,0.28737864,-0.052751,0.099329,0.851567,0.8
691,23.033333,-0.01298737,0.19848684,0.93691197,0.28745481,-0.052689,0.099055,0.849415,0.8
692,23.066667,-0.00956506,0.20030059,0.93651346,0.28762948,-0.052615,0.098843,0.847641,0.8
693,23.1,-0.00600098,0.2020704,0.9360543,0.28798243,-0.052556,0.098725,0.846593,0.8
694,23.133333,-0.00199555,0.20384659,0.93571121,0.28790122,-0.052511,0.098741,0.846796,0.8
695,23.166667,0.00235689,0.20561268,0.93550732,0.28730458,-0.052488,0.098843,0.847658,0.8
696,23.2,0.00813352,0.20759451,0.93540877,0.28609229,-0.052435,0.09879,0.848536,0.8
697,23.233333,0.01471005,0.20971408,0.93531601,0.28458316,-0.052388,0.098688,0.849965,0.8
698,23.266667,0.02085568,0.21176027,0.93501548,0.28367003,-0.052359,0.098704,0.851332,0.8
699,23.3,0.02708029,0.21378237,0.93464497,0.28284721,-0.052344,0.098757,0.852338,0.8
700,23.333333,0.03356685,0.21581162,0.93419858,0.28208444,-0.052334,0.09882,0.85336,0.8
701,23.366667,0.04038187,0.21788472,0.9335845,0.28163013,-0.052317,0.098941,0.854729,0.8
702,23.4,0.04707093,0.21991649,0.93282553,0.28152725,-0.052321,0.099076,0.856044,0.8
703,23.433333,0.05349992,0.22183268,0.93207144,0.28137317,-0.052364,0.099139,0.85651,0.8
704,23.466667,0.05979136,0.22363979,0.93136677,0.28100922,-0.052413,0.099137,0.856231,0.8
705,23.5,0.0661339,0.22539232,0.93066636,0.28050801,-0.05245,0.099269,0.855759,0.8
706,23.533333,0.07242234,0.22709606,0.9299393,0.27999158,-0.052458,0.099348,0.854922,0.8
707,23.566667,0.07847007,0.22874838,0.92914712,0.27964666,-0.05242,0.099313,0.85471,0.8
708,23.6,0.08474774,0.2303427,0.92842267,0.2789111,-0.052405,0.099411,0.854471,0.8
709,23.633333,0.09149084,0.23188241,0.92779901,0.27757696,-0.05239,0.099586,0.853861,0.8
710,23.666667,0.09812931,0.23350001,0.92692509,0.27687228,-0.052319,0.099791,0.853785,0.8
711,23.7,0.10450938,0.23531159,0.9256008,0.2774336,-0.052196,0.100076,0.854303,0.8
712,23.733333,0.11093024,0.23721298,0.92405764,0.27846357,-0.052079,0.100344,0.854961,0.8
713,23.766667,0.11726075,0.23924467,0.92223916,0.28015503,-0.051985,0.100552,0.855291,0.8
714,23.8,0.1235535,0.24138827,0.92019657,0.28231988,-0.051939,0.100594,0.854482,0.8
715,23.833333,0.12994142,0.24355835,0.91808824,0.28444427,-0.051915,0.100514,0.853113,0.8
716,23.866667,0.13583716,0.24592497,0.91569002,0.28736903,-0.051844,0.100272,0.851774,0.8
717,23.9,0.14161398,0.24834777,0.91314975,0.29056223,-0.051771,0.09986,0.850002,0.8
718,23.933333,0.1479849,0.25070671,0.91063074,0.29325461,-0.051705,0.099696,0.848448,0.8
719,23.966667,0.15439173,0.25309831,0.90802645,0.29596013,-0.051603,0.099835,0.84802,0.8
720,24.0,0.16052771,0.25558339,0.90521024,0.29916951,-0.051558,0.09976,0.846709,0.8
721,24.033333,0.1666766,0.25818878,0.90218158,0.30269763,-0.051564,0.099373,0.843502,0.8
722,24.066667,0.17286121,0.26079119,0.89910974,0.30611866,-0.051491,0.099099,0.84084,0.8
723,24.1,0.17875634,0.26336157,0.89599965,0.30963122,-0.051337,0.099037,0.839497,0.8
724,24.133333,0.18417398,0.26600029,0.89273175,0.31361411,-0.051166,0.099049,0.83877,0.8
725,24.166667,0.18962141,0.26885102,0.88931037,0.31763174,-0.051014,0.09902,0.837867,0.8
726,24.2,0.19503709,0.27202061,0.88571609,0.32167115,-0.050843,0.099149,0.837808,0.8
727,24.233333,0.20019374,0.27520005,0.88202918,0.32590171,-0.050684,0.099373,0.838477,0.8
728,24.266667,0.20541822,0.27826516,0.87829681,0.33010084,-0.050586,0.099419,0.838391,0.8
729,24.3,0.21060497,0.28117146,0.87452391,0.33435923,-0.050485,0.099381,0.838672,0.8
730,24.333333,0.21556605,0.28385193,0.87078047,0.33867496,-0.050427,0.099331,0.838839,0.8
731,24.366667,0.22030223,0.28644297,0.86710434,0.34285188,-0.050415,0.099143,0.838191,0.8
732,24.4,0.22626997,0.28894989,0.86360266,0.34568816,-0.050336,0.099165,0.83873,0.8
733,24.433333,0.23320713,0.29156546,0.86000717,0.34783858,-0.050254,0.099444,0.83981,0.8
734,24.466667,0.23992817,0.29427781,0.85623658,0.35027697,-0.050198,0.099681,0.840717,0.8
735,24.5,0.2466017,0.29695584,0.85246473,0.35257442,-0.050168,0.099867,0.841555,0.8
736,24.533333,0.25334398,0.29957477,0.8487377,0.35456467,-0.050101,0.100138,0.843217,0.8
